<?xml version="1.0" encoding="UTF-8"?>
<beans xmlns="http://www.springframework.org/schema/beans"
	xmlns:xsi="http://www.w3.org/2001/XMLSchema-instance"

	xsi:schemaLocation="http://www.springframework.org/schema/beans http://www.springframework.org/schema/beans/spring-beans-4.3.xsd
		http://www.springframework.org/schema/context http://www.springframework.org/schema/context/spring-context-4.3.xsd">


	<bean id="emp" class="com.capgemini.lab2.Employee">

		<property name="employeeId" value="12345" />
		<property name="employeeName" value="Harriet" />
		<property name="salary" value="40000.0" />
		<property name="businessUnit" value="PES-BU" />
		<property name="employeeAge" value="30" />
		
	</bean>
	
	<bean id="sbu" class="com.capgemini.lab2.SBUbean">
	<constructor-arg name="SBUid" value="PES-BU"/>
	<constructor-arg name="SBUhead" value="Kiran Rao"/>
	<constructor-arg name="SBUnamee" value="Product Engineering Services"/>
	
	</bean>
	
</beans>