<?xml version="1.0" encoding="UTF-8"?>
<beans xmlns="http://www.springframework.org/schema/beans"
	xmlns:xsi="http://www.w3.org/2001/XMLSchema-instance"

	xsi:schemaLocation="http://www.springframework.org/schema/beans http://www.springframework.org/schema/beans/spring-beans-4.3.xsd
		http://www.springframework.org/schema/context http://www.springframework.org/schema/context/spring-context-4.3.xsd">
	<bean id="emp" class="com.capgemini.lab3.Employee">
		<property name="employeeId" value="12345" />
		<property name="employeeName" value="Harriet" />
		<property name="salary" value="40000.0" />
	</bean>
	<bean class="com.capgemini.lab3.SBUbean">
		<property name="SBUid" value="PES-BU" />
		<property name="SBUname" value="Product Engineering Services" />
		<property name="SBUhead" value="Kiran Rao" />
		<property name="employeeList">
			<list>
				<ref bean="emp" />
				<ref bean="emp1" />
			</list>
		</property>
	</bean>
	<bean id="emp1" class="com.capgemini.lab3.Employee">
		<property name="employeeId" value="123456"></property>
		<property name="employeeName" value="Jai Mishra" />
		<property name="salary" value="20000.0" />

	</bean>
</beans>